{
  "timestamp": 1765409293.7470038,
  "update_count": 290,
  "robot": {
    "position": {
      "x": -0.723,
      "y": -0.762,
      "theta": -3.103,
      "theta_degrees": -177.8
    },
    "battery": 85,
    "status": "GO_TO_GOAL",
    "velocity": 0,
    "left_speed": 0.0,
    "right_speed": 0.0
  },
  "survivors": [],
  "mapping": {
    "status": "active",
    "map_size": "200x200"
  },
  "past_coordinates": [
    [
      0.9500747613151825,
      -0.52762302977574
    ],
    [
      -1.4311028819968414,
      -1.005223040953636
    ]
  ]
}