{
  "timestamp": 1765404284.1883392,
  "update_count": 988,
  "robot": {
    "position": {
      "x": 0.17,
      "y": -1.133,
      "theta": -2.355,
      "theta_degrees": -134.9
    },
    "battery": 85,
    "status": "GO_TO_GOAL",
    "velocity": 0,
    "left_speed": 0.0,
    "right_speed": 0.0
  },
  "survivors": [],
  "mapping": {
    "status": "active",
    "map_size": "200x200"
  },
  "past_coordinates": [
    [
      0.49791865559544607,
      0.6186529407305178
    ],
    [
      1.174087189752809,
      -0.22782535803117063
    ],
    [
      -0.3535693359719276,
      -1.6697133855664792
    ]
  ]
}